-- Insert customers
INSERT INTO customer (customer_id, name, age, phone_number, email_id, address) VALUES
(1, 'Anthony Lindsey', 58, 3152863635, 'patrick11@dominguez-clayton.com', 'Charlesborough'),
(2, 'Mrs. Stephanie Glover', 25, 4584495556, 'jacquelinesmith@gmail.com', 'Crystalport'),
(3, 'Jean Berger', 19, 8834822716, 'john29@santiago-turner.info', 'Port Patrickchester'),
(4, 'Scott Clark', 65, 2378356225, 'dianamoore@rodriguez.com', 'Lake Tammy'),
(5, 'Matthew Sanders', 35, 6541922238, 'randy28@hotmail.com', 'North Jennifer'),
(6, 'Jeremy Young', 33, 8184165418, 'susan12@yahoo.com', 'Victoriafurt'),
(7, 'Derek Hayes', 32, 5454078738, 'rmaldonado@nelson.com', 'New Edwardchester'),
(8, 'Carla Reynolds', 26, 5840757219, 'tannercoleman@gmail.com', 'Jamesburgh'),
(9, 'Dr. Ashley Farmer', 65, 8361871818, 'ramirezpatricia@keith-hernandez.org', 'South Patricia'),
(10, 'Sandra Hunt', 24, 9656339141, 'jamesmiller@gmail.com', 'Lake Jennifer'),
(11, 'Lisa Pierce', 61, 2533246304, 'brenda30@hotmail.com', 'Katherineborough'),
(12, 'Courtney Jackson', 65, 4073509023, 'sara47@gmail.com', 'South Danielton'),
(13, 'Robert James', 52, 2166515462, 'johnstonrichard@yahoo.com', 'North Benjamin'),
(14, 'Edward Cohen', 23, 8516313649, 'writter@hotmail.com', 'Lake Manuelmouth'),
(15, 'Michael Avery', 55, 4177739325, 'david61@hernandez.net', 'East Juliechester'),
(16, 'Lauren Davis', 45, 7981554163, 'joshua50@yahoo.com', 'East Dillon'),
(17, 'Brian Russell', 20, 3345241630, 'brookewalls@hernandez.net', 'Mooreburgh'),
(18, 'Lauren Howard', 19, 7354568486, 'sarahcruz@sellers-foster.org', 'Hernandezfort'),
(19, 'Madison Moody', 23, 7100197650, 'greenariel@thomas-martinez.info', 'North Christian'),
(20, 'Robert Cowan', 31, 7086762450, 'betty88@mcconnell.org', 'Juanville'),
(21, 'Angel Thompson', 32, 7775960201, 'morrisonjoseph@hotmail.com', 'Marymouth'),
(22, 'Melissa Santiago', 50, 8981875229, 'sconley@gmail.com', 'Lake Victoriaview'),
(23, 'Dr. Nicholas Mcdonald PhD', 56, 4136456455, 'josephphillips@wilcox.org', 'Perezborough'),
(24, 'Rebecca Arellano', 19, 7642079651, 'martinezsusan@davis.biz', 'South Jamietown'),
(25, 'Bryan Allison', 53, 3994522249, 'ramosbrian@hotmail.com', 'New Royton'),
(26, 'Erika Williams', 30, 8849569645, 'elizabeth63@chung-brooks.com', 'West Cameron'),
(27, 'Christine Wilson', 63, 8522360800, 'cindy92@sanchez.com', 'East Carol'),
(28, 'Paul Gibson', 59, 6596545096, 'brownnicole@davidson.net', 'East Paulachester'),
(29, 'Fred Mcbride', 62, 2113360690, 'ruthbryant@yahoo.com', 'Lake Glenn'),
(30, 'Tim Taylor', 52, 6965614519, 'cward@martinez.com', 'Kristenshire'),
(31, 'Monique Avila', 44, 3051099048, 'fgoodman@small.com', 'Lake Cristianview'),
(32, 'Joann Pennington', 32, 3874704691, 'rebeccafoster@carter.info', 'Adammouth'),
(33, 'David Yoder', 46, 5223739249, 'odonnelljessica@hotmail.com', 'Lake Donnabury'),
(34, 'Latoya Carter', 55, 1285382157, 'ihoffman@hotmail.com', 'Lake Laurieport'),
(35, 'Jeremiah Rose', 35, 5724039727, 'cmaxwell@hall.net', 'Andrewbury'),
(36, 'Dr. Stephanie Hoover MD', 18, 3483790417, 'paula10@williams.net', 'Alyssashire'),
(37, 'Peter Long', 28, 6655883859, 'zglover@hotmail.com', 'South Joseph'),
(38, 'Evan Jimenez', 62, 1545284387, 'allentravis@simmons.com', 'West Soniaborough'),
(39, 'Isabel Dixon', 45, 9123188357, 'hickstonya@griffith-jenkins.net', 'Stephensonstad'),
(40, 'Mitchell Baird', 39, 9797298101, 'abyrd@alvarez.com', 'South Amyside'),
(41, 'Rachel Oconnor', 35, 9330454124, 'lewisangela@hotmail.com', 'New Andrea'),
(42, 'Cynthia Mack', 27, 8370314827, 'terriodonnell@gmail.com', 'South Melanie'),
(43, 'Denise Thomas', 31, 6445257460, 'brookssuzanne@edwards.com', 'Collierhaven'),
(44, 'Christopher Hall', 39, 8739443931, 'stephensronald@mcneil-weaver.net', 'South Brucechester'),
(45, 'Anna Brooks', 24, 3664195456, 'terryfitzgerald@griffin.info', 'Donnatown'),
(46, 'Melissa Huang MD', 23, 6087854285, 'george47@gmail.com', 'New Glennview'),
(47, 'Kaitlin Turner', 42, 9576858379, 'thomasgonzalez@hotmail.com', 'Marissastad'),
(48, 'Nicholas Deleon', 24, 6432864100, 'robertbenjamin@yahoo.com', 'Port Ashleyhaven'),
(49, 'David Walker', 40, 4419944096, 'ylawrence@parsons-reyes.com', 'Byrdfort'),
(50, 'Jessica Miller', 40, 5417504487, 'laurenortiz@wright.com', 'Lake Lee'),
(51, 'Pamela Dominguez', 56, 5044015834, 'ashleyjeffrey@gmail.com', 'Meganview'),
(52, 'Stephanie Cross', 34, 5644639817, 'shawmichelle@cole.info', 'South Patricia'),
(53, 'Eileen Cruz', 20, 1327902472, 'ashley81@yahoo.com', 'Holmesborough'),
(54, 'Julie Howard', 64, 1255773636, 'kimberlychang@martinez.com', 'Judithtown'),
(55, 'Angela Gonzalez', 47, 3286152567, 'grantduncan@mitchell-ingram.biz', 'West Michael'),
(56, 'Wanda Duarte', 52, 6606789931, 'melissa72@yahoo.com', 'North Sarah'),
(57, 'Adrian Grant', 25, 5734923552, 'riverapatricia@yahoo.com', 'West Robertshire'),
(58, 'Terry Trujillo', 42, 6435663809, 'davidhill@yahoo.com', 'East Joseph'),
(59, 'Dr. Jennifer Turner DDS', 23, 2445390409, 'lchen@hotmail.com', 'Lewisberg'),
(60, 'Stephen Blankenship', 53, 9357640577, 'teresabrown@goodwin.biz', 'Lisamouth'),
(61, 'Matthew Nguyen', 36, 5155634840, 'darlenetaylor@gmail.com', 'Lake Cheryl'),
(62, 'Jason Martin', 58, 7671539589, 'parkeramanda@yahoo.com', 'Brendanburgh'),
(63, 'Gloria Sanchez', 57, 6363825728, 'james34@mills.com', 'Tanyaborough'),
(64, 'Amber Wells', 41, 5803502285, 'kylelopez@yahoo.com', 'Ruizhaven'),
(65, 'Melanie Boyd', 54, 2864845447, 'jessica44@yahoo.com', 'South Christopher'),
(66, 'Samantha Hamilton', 30, 9763860644, 'vegakayla@miller.com', 'Shawntown'),
(67, 'Nicole Hawkins', 63, 6667766854, 'scottdalton@jones.com', 'Odonnellshire'),
(68, 'Jill Howard', 22, 5216545993, 'susancampbell@salazar-anderson.com', 'East Jenniferside'),
(69, 'Patricia Ferguson', 20, 9126550189, 'cware@hotmail.com', 'New Karen'),
(70, 'Jessica Preston', 60, 2473991606, 'deanna27@mccarty.info', 'Silvahaven'),
(71, 'Kimberly Phillips', 32, 8259751659, 'wallerderrick@taylor.com', 'Melissastad'),
(72, 'Carlos Gregory', 36, 8013349406, 'ojohnson@gmail.com', 'Newmanport'),
(73, 'Richard Lawson', 23, 6250124430, 'nmcdonald@ford.org', 'Chloechester'),
(74, 'Tanya Stevenson', 32, 4968426305, 'zbolton@wilkins.com', 'Nicoleside'),
(75, 'Joseph Patrick', 24, 7999041579, 'brittanygray@williams.com', 'Charlesberg'),
(76, 'William Garcia', 42, 5049516290, 'patrick05@mueller.biz', 'Carolyntown'),
(77, 'Corey Griffin', 35, 5487281560, 'uforbes@gmail.com', 'South Nicolefort'),
(78, 'Jeffrey Salazar', 47, 7567846686, 'knightjeffrey@hotmail.com', 'Derrickbury'),
(79, 'Robert Rose', 58, 3831383650, 'riveramichelle@davis.com', 'Cameronhaven'),
(80, 'Nathan West', 41, 5158279166, 'kimpatrick@yahoo.com', 'South Ericahaven'),
(81, 'Joseph Berg', 28, 8936081128, 'smithkatelyn@hotmail.com', 'Barnesbury'),
(82, 'Denise Barrera', 41, 1930219493, 'dramirez@yahoo.com', 'Jonesland'),
(83, 'Joshua Valencia', 40, 3335444504, 'estevens@hotmail.com', 'South Jamesbury'),
(84, 'Elizabeth Chandler', 31, 2392380250, 'amber02@smith.net', 'Austinchester'),
(85, 'Jacob Bird', 60, 4230506128, 'craigsilva@williams.com', 'Linborough'),
(86, 'Teresa Guzman', 35, 5098637069, 'masseyholly@hotmail.com', 'Pamelaport'),
(87, 'Amanda Lambert', 62, 1519953764, 'bobbyvelazquez@sanders-hines.info', 'Matthewburgh'),
(88, 'Courtney Hawkins', 61, 1951125165, 'bbailey@hill.com', 'West Travis'),
(89, 'Rebecca Mullins', 59, 2367713473, 'michaelmartinez@ramos.com', 'New Thomasbury'),
(90, 'Lisa Hays', 22, 8445663635, 'watkinsrobert@hanson-cruz.org', 'Martinezberg'),
(91, 'Monica Anderson', 56, 5504016753, 'jonesmatthew@yahoo.com', 'Port Michael'),
(92, 'Brenda Miller', 58, 9990353761, 'emilypadilla@hotmail.com', 'East Kennethchester'),
(93, 'Peter Mcfarland Jr.', 28, 7974353207, 'normaholmes@martinez.com', 'Joview'),
(94, 'John Ramos', 52, 6033320769, 'ofloyd@thompson.net', 'Brendastad'),
(95, 'Carrie Boyle', 64, 9777071586, 'dustinjohnson@lowe.net', 'East Andrea'),
(96, 'Jamie Walton', 33, 2915971918, 'terrypatterson@perkins-wood.biz', 'West Stephanieton'),
(97, 'Charles Jones', 28, 8284107476, 'jbryan@white-smith.net', 'Lake Kimberlystad'),
(98, 'Heidi Smith', 47, 8433693636, 'john17@parker.biz', 'Bridgesshire'),
(99, 'Cindy Smith', 42, 8898349613, 'gary09@long.com', 'Clarktown'),
(100, 'Matthew Wolf', 35, 8514823151, 'hayeschristine@hotmail.com', 'Brendaport');

-- Insert products
INSERT INTO product (product_id, product_name, category, stock_quantity, price) VALUES
(1, 'List Headphones', 'Fashion', 185, 1756.56),
(2, 'Film Watch', 'Fashion', 18, 4064.22),
(3, 'Most Bag', 'Accessories', 26, 1212.72),
(4, 'Yeah Headphones', 'Accessories', 64, 3346.11),
(5, 'Minute Bag', 'Books', 46, 1471.42),
(6, 'Between Phone', 'Home', 147, 1461.16),
(7, 'Prove Headphones', 'Books', 159, 2117.12),
(8, 'Pretty Phone', 'Fashion', 140, 2568.88),
(9, 'Likely Watch', 'Electronics', 49, 3211.74),
(10, 'Hand Bag', 'Home', 26, 2046.88),
(11, 'Security Headphones', 'Books', 145, 1406.79),
(12, 'Cold Headphones', 'Electronics', 184, 3659.46),
(13, 'Move Headphones', 'Accessories', 174, 1832.84),
(14, 'Win Shoes', 'Books', 50, 2377.87),
(15, 'Billion Shoes', 'Home', 55, 2636.87),
(16, 'Issue Watch', 'Accessories', 173, 2636.78),
(17, 'Old Phone', 'Fashion', 105, 3860.05),
(18, 'Present Headphones', 'Home', 10, 3074.93),
(19, 'Blood Bag', 'Electronics', 38, 4659.67),
(20, 'Stand Shoes', 'Fashion', 24, 1356.18),
(21, 'Section Headphones', 'Electronics', 31, 3713.16),
(22, 'Letter Watch', 'Home', 42, 816.28),
(23, 'Attorney Bag', 'Home', 52, 1472.27),
(24, 'Amount Headphones', 'Books', 64, 4658.78),
(25, 'Boy Phone', 'Accessories', 112, 4976.72),
(26, 'Hear Shoes', 'Books', 142, 2367.13),
(27, 'Nor Phone', 'Fashion', 26, 1822.81),
(28, 'Cultural Headphones', 'Home', 68, 3024.51),
(29, 'Doctor Watch', 'Electronics', 191, 3229.29),
(30, 'War Phone', 'Electronics', 18, 4326.25),
(31, 'Begin Watch', 'Home', 70, 1536.69),
(32, 'Late Bag', 'Fashion', 148, 835.1),
(33, 'Yard Headphones', 'Home', 131, 1366.39),
(34, 'Still Bag', 'Books', 58, 652.76),
(35, 'Hour Bag', 'Accessories', 118, 2173.29),
(36, 'Investment Watch', 'Electronics', 25, 2132.58),
(37, 'Science Shoes', 'Electronics', 73, 1119.63),
(38, 'Owner Headphones', 'Books', 45, 2225.03),
(39, 'Worry Shoes', 'Books', 73, 4397.53),
(40, 'Write Watch', 'Books', 150, 669.96),
(41, 'Somebody Headphones', 'Electronics', 33, 4646.56),
(42, 'Four Phone', 'Fashion', 114, 2531.08),
(43, 'Ten Phone', 'Books', 25, 990.26),
(44, 'Forward Watch', 'Books', 77, 4647.29),
(45, 'Meet Bag', 'Accessories', 118, 3543.64),
(46, 'Bag Headphones', 'Books', 49, 1111.51),
(47, 'Stop Phone', 'Electronics', 158, 3731.54),
(48, 'Tv Watch', 'Accessories', 24, 440.68),
(49, 'Several Bag', 'Home', 145, 955.68),
(50, 'Full Headphones', 'Electronics', 57, 528.9),
(51, 'Allow Watch', 'Fashion', 113, 775.46),
(52, 'Movie Headphones', 'Fashion', 158, 3053.69),
(53, 'Court Headphones', 'Electronics', 117, 3355.39),
(54, 'Thank Headphones', 'Home', 90, 4686.59),
(55, 'Explain Phone', 'Accessories', 71, 1474.95),
(56, 'Every Phone', 'Accessories', 127, 1717.65),
(57, 'Tend Watch', 'Electronics', 127, 3181.56),
(58, 'Machine Headphones', 'Electronics', 28, 2780.65),
(59, 'Reduce Headphones', 'Accessories', 43, 4679.65),
(60, 'World Watch', 'Fashion', 104, 1567.94),
(61, 'Campaign Bag', 'Home', 190, 1652.08),
(62, 'Thank Headphones', 'Electronics', 180, 4122.1),
(63, 'Half Shoes', 'Electronics', 44, 1469.44),
(64, 'His Watch', 'Home', 49, 1507.27),
(65, 'Hard Headphones', 'Fashion', 193, 1845.83),
(66, 'Only Shoes', 'Home', 135, 1405.38),
(67, 'Summer Watch', 'Electronics', 172, 2233.16),
(68, 'Quickly Shoes', 'Electronics', 10, 1801.07),
(69, 'Experience Phone', 'Accessories', 51, 3757.91),
(70, 'Model Headphones', 'Books', 153, 246.41),
(71, 'Us Watch', 'Fashion', 149, 372.94),
(72, 'Sometimes Shoes', 'Home', 151, 910.85),
(73, 'Discuss Phone', 'Electronics', 88, 1950.33),
(74, 'Avoid Watch', 'Accessories', 63, 3473.92),
(75, 'Brother Watch', 'Accessories', 153, 4443.85),
(76, 'Speak Bag', 'Home', 49, 4643.67),
(77, 'Attention Phone', 'Fashion', 55, 4430.8),
(78, 'Door Watch', 'Fashion', 198, 4637.54),
(79, 'There Bag', 'Fashion', 78, 964.15),
(80, 'Affect Watch', 'Books', 19, 4321.25),
(81, 'Myself Phone', 'Fashion', 127, 1878.36),
(82, 'Leave Phone', 'Fashion', 16, 3368.16),
(83, 'Much Bag', 'Accessories', 81, 4348.89),
(84, 'Let Shoes', 'Accessories', 174, 2645.15),
(85, 'Day Headphones', 'Accessories', 17, 753.64),
(86, 'Fact Shoes', 'Fashion', 158, 4820.16),
(87, 'Too Shoes', 'Electronics', 37, 3063.54),
(88, 'Usually Shoes', 'Accessories', 121, 3109.8),
(89, 'Billion Headphones', 'Electronics', 108, 4517.62),
(90, 'Firm Phone', 'Accessories', 21, 3602.17),
(91, 'Institution Watch', 'Home', 147, 3496.91),
(92, 'Away Phone', 'Accessories', 120, 535.87),
(93, 'Century Shoes', 'Home', 90, 3384.26),
(94, 'Memory Watch', 'Accessories', 139, 1684.57),
(95, 'First Bag', 'Accessories', 113, 3546.6),
(96, 'Sing Headphones', 'Fashion', 59, 2218.14),
(97, 'Use Bag', 'Fashion', 167, 2931.71),
(98, 'Forward Bag', 'Home', 10, 1658.6),
(99, 'Her Phone', 'Books', 158, 3111.98),
(100, 'Ready Shoes', 'Books', 123, 2322.37);

-- Insert orders
INSERT INTO orders (order_id, customer_id, order_date, total_amount) VALUES
(1, 28, '2025-02-20', 3822.63),
(2, 95, '2025-04-06', 1602.99),
(3, 11, '2025-06-03', 2344.61),
(4, 85, '2025-01-10', 4614.12),
(5, 43, '2025-03-11', 1107.02),
(6, 97, '2025-06-19', 2026.65),
(7, 40, '2025-06-18', 1960.16),
(8, 26, '2025-03-06', 1457.8),
(9, 6, '2025-03-11', 2091.48),
(10, 61, '2025-03-24', 4473.28),
(11, 99, '2025-01-08', 973.38),
(12, 54, '2024-12-28', 6259.89),
(13, 74, '2025-06-06', 1763.83),
(14, 90, '2025-06-20', 2995.86),
(15, 52, '2025-03-10', 2085.9),
(16, 84, '2025-02-03', 4969.55),
(17, 97, '2025-04-05', 6092.86),
(18, 14, '2025-01-08', 5559.73),
(19, 29, '2025-04-24', 1643.26),
(20, 90, '2025-02-25', 3866.73),
(21, 7, '2025-02-16', 4123.14),
(22, 16, '2025-03-05', 3467.0),
(23, 60, '2025-06-19', 4839.26),
(24, 72, '2025-03-04', 4370.44),
(25, 97, '2025-01-12', 6294.27),
(26, 79, '2025-03-21', 5797.54),
(27, 65, '2025-03-30', 3273.81),
(28, 71, '2024-12-27', 3398.44),
(29, 21, '2025-03-27', 5333.76),
(30, 61, '2025-04-20', 3425.45),
(31, 97, '2025-05-05', 2107.06),
(32, 82, '2025-03-24', 2302.52),
(33, 100, '2025-04-05', 3888.45),
(34, 81, '2025-05-12', 2055.1),
(35, 57, '2025-06-05', 1003.64),
(36, 37, '2025-01-10', 2024.21),
(37, 43, '2025-04-12', 2578.11),
(38, 70, '2025-02-24', 1023.75),
(39, 20, '2025-04-18', 2003.2),
(40, 89, '2025-04-06', 1493.23),
(41, 28, '2025-05-19', 917.49),
(42, 53, '2025-03-22', 2650.73),
(43, 60, '2025-02-13', 3202.53),
(44, 27, '2025-03-11', 5913.79),
(45, 50, '2025-01-20', 6381.45),
(46, 75, '2025-01-29', 6649.4),
(47, 3, '2025-06-09', 6068.76),
(48, 98, '2025-02-22', 4241.99),
(49, 62, '2025-03-09', 538.32),
(50, 46, '2025-02-20', 2440.98);

-- Insert order_items
INSERT INTO order_items (item_id, order_id, product_id, unit_price, item_quantity) VALUES
(1, 1, 63, 2224.26, 1),
(2, 2, 47, 3565.81, 4),
(3, 3, 56, 3695.6, 2),
(4, 4, 84, 3117.97, 3),
(5, 5, 69, 2377.88, 4),
(6, 6, 94, 1415.14, 5),
(7, 7, 32, 1466.75, 1),
(8, 8, 58, 3777.33, 2),
(9, 9, 73, 3374.12, 5),
(10, 10, 44, 2522.1, 1),
(11, 11, 42, 2488.99, 2),
(12, 12, 46, 1767.66, 3),
(13, 13, 77, 2823.38, 3),
(14, 14, 67, 519.5, 2),
(15, 15, 93, 2494.03, 4),
(16, 16, 98, 3483.99, 2),
(17, 17, 83, 2296.06, 4),
(18, 18, 3, 1541.75, 1),
(19, 19, 52, 1600.41, 2),
(20, 20, 75, 2418.98, 3),
(21, 21, 68, 2184.97, 3),
(22, 22, 96, 1720.88, 5),
(23, 23, 90, 1427.49, 4),
(24, 24, 33, 691.21, 2),
(25, 25, 25, 685.82, 3),
(26, 26, 69, 1038.55, 2),
(27, 27, 95, 1454.85, 4),
(28, 28, 76, 3024.27, 5),
(29, 29, 13, 1551.61, 2),
(30, 30, 47, 1581.11, 2),
(31, 31, 91, 720.26, 5),
(32, 32, 6, 2811.46, 1),
(33, 33, 90, 3225.56, 2),
(34, 34, 97, 602.68, 4),
(35, 35, 2, 1493.26, 5),
(36, 36, 62, 1769.46, 4),
(37, 37, 7, 4711.21, 3),
(38, 38, 62, 4128.37, 1),
(39, 39, 52, 463.0, 4),
(40, 40, 81, 843.46, 1),
(41, 41, 73, 517.39, 3),
(42, 42, 32, 2834.56, 1),
(43, 43, 54, 3021.02, 5),
(44, 44, 80, 3900.9, 2),
(45, 45, 49, 4551.67, 4),
(46, 46, 39, 4951.15, 5),
(47, 47, 40, 3143.03, 5),
(48, 48, 79, 4743.19, 1),
(49, 49, 27, 1396.77, 2),
(50, 50, 11, 1275.34, 2);

-- Insert payments
INSERT INTO payments (payment_id, order_id, payment_method, payment_date, amount) VALUES
(1, 1, 'Net Banking', '2025-03-16', 4087.46),
(2, 2, 'Cash on Delivery', '2025-06-22', 3459.74),
(3, 3, 'Net Banking', '2025-01-11', 6152.41),
(4, 4, 'UPI', '2025-03-05', 4216.68),
(5, 5, 'UPI', '2025-05-02', 6064.08),
(6, 6, 'Cash on Delivery', '2025-06-03', 783.71),
(7, 7, 'Cash on Delivery', '2025-05-07', 5083.98),
(8, 8, 'Cash on Delivery', '2025-04-19', 3009.51),
(9, 9, 'UPI', '2025-06-11', 3719.64),
(10, 10, 'Credit Card', '2025-02-19', 1320.6),
(11, 11, 'Net Banking', '2025-04-08', 6153.05),
(12, 12, 'Cash on Delivery', '2025-02-25', 1148.13),
(13, 13, 'Cash on Delivery', '2025-01-20', 599.76),
(14, 14, 'UPI', '2025-03-09', 3164.86),
(15, 15, 'UPI', '2025-02-12', 986.38),
(16, 16, 'Net Banking', '2025-05-02', 2700.65),
(17, 17, 'Cash on Delivery', '2025-01-29', 4723.94),
(18, 18, 'Net Banking', '2025-02-12', 6040.22),
(19, 19, 'Cash on Delivery', '2025-03-17', 6701.91),
(20, 20, 'Cash on Delivery', '2025-06-17', 6170.49),
(21, 21, 'Credit Card', '2025-01-17', 4513.49),
(22, 22, 'UPI', '2025-02-24', 4602.55),
(23, 23, 'Net Banking', '2025-02-11', 6983.27),
(24, 24, 'Credit Card', '2025-04-13', 3320.81),
(25, 25, 'Credit Card', '2025-04-24', 5442.4),
(26, 26, 'Credit Card', '2025-05-01', 3383.91),
(27, 27, 'Net Banking', '2025-04-04', 6372.26),
(28, 28, 'Credit Card', '2025-03-08', 2608.44),
(29, 29, 'Credit Card', '2025-03-18', 2406.89),
(30, 30, 'Net Banking', '2025-05-17', 3299.46),
(31, 31, 'UPI', '2025-05-07', 3952.58),
(32, 32, 'UPI', '2025-06-10', 1604.89),
(33, 33, 'Credit Card', '2025-05-24', 4461.7),
(34, 34, 'Cash on Delivery', '2025-05-03', 4528.12),
(35, 35, 'UPI', '2025-03-25', 3734.84),
(36, 36, 'UPI', '2025-03-15', 2009.22),
(37, 37, 'Net Banking', '2025-02-04', 3487.21),
(38, 38, 'Credit Card', '2025-03-19', 6342.91),
(39, 39, 'Cash on Delivery', '2025-05-28', 6357.86),
(40, 40, 'UPI', '2025-02-25', 980.1),
(41, 41, 'Net Banking', '2025-03-01', 6919.74),
(42, 42, 'Net Banking', '2025-06-02', 4653.1),
(43, 43, 'Cash on Delivery', '2025-01-11', 4987.04),
(44, 44, 'Cash on Delivery', '2025-05-06', 5994.48),
(45, 45, 'UPI', '2025-06-22', 6995.93),
(46, 46, 'Cash on Delivery', '2025-01-13', 1193.25),
(47, 47, 'Cash on Delivery', '2025-04-21', 4217.5),
(48, 48, 'Net Banking', '2025-01-15', 6952.5),
(49, 49, 'Net Banking', '2025-06-17', 642.61),
(50, 50, 'Cash on Delivery', '2025-06-11', 2284.12);

-- Insert shipping
INSERT INTO shipping (shipping_id, order_id, shipping_date, delivery_date, shipping_status) VALUES
(1, 1, '2025-05-22', '2025-05-25', 'Shipped'),
(2, 2, '2025-04-10', '2025-04-13', 'Delivered'),
(3, 3, '2025-01-27', '2025-02-01', 'Delivered'),
(4, 4, '2025-04-08', '2025-04-10', 'Pending'),
(5, 5, '2025-02-10', '2025-02-17', 'Pending'),
(6, 6, '2025-05-30', '2025-06-03', 'Delivered'),
(7, 7, '2025-04-01', '2025-04-06', 'Pending'),
(8, 8, '2025-01-26', '2025-02-05', 'Pending'),
(9, 9, '2025-03-04', '2025-03-09', 'Pending'),
(10, 10, '2025-05-20', '2025-05-27', 'Pending'),
(11, 11, '2025-03-03', '2025-03-05', 'Shipped'),
(12, 12, '2025-03-20', '2025-03-24', 'Pending'),
(13, 13, '2025-03-22', '2025-04-01', 'Shipped'),
(14, 14, '2025-04-10', '2025-04-14', 'Pending'),
(15, 15, '2025-02-21', '2025-02-23', 'Pending'),
(16, 16, '2025-05-20', '2025-05-22', 'Shipped'),
(17, 17, '2025-02-01', '2025-02-06', 'Delivered'),
(18, 18, '2025-05-05', '2025-05-12', 'Pending'),
(19, 19, '2025-01-30', '2025-02-03', 'Shipped'),
(20, 20, '2025-05-11', '2025-05-13', 'Pending'),
(21, 21, '2025-05-14', '2025-05-22', 'Delivered'),
(22, 22, '2025-02-14', '2025-02-17', 'Delivered'),
(23, 23, '2025-04-18', '2025-04-21', 'Shipped'),
(24, 24, '2025-02-11', '2025-02-20', 'Shipped'),
(25, 25, '2025-06-23', '2025-07-03', 'Delivered'),
(26, 26, '2025-02-28', '2025-03-03', 'Shipped'),
(27, 27, '2025-05-08', '2025-05-18', 'Pending'),
(28, 28, '2025-01-27', '2025-01-29', 'Delivered'),
(29, 29, '2025-05-14', '2025-05-24', 'Shipped'),
(30, 30, '2025-02-01', '2025-02-10', 'Delivered'),
(31, 31, '2025-04-05', '2025-04-07', 'Pending'),
(32, 32, '2025-05-20', '2025-05-29', 'Shipped'),
(33, 33, '2025-04-21', '2025-04-29', 'Delivered'),
(34, 34, '2025-03-15', '2025-03-18', 'Shipped'),
(35, 35, '2025-04-19', '2025-04-28', 'Pending'),
(36, 36, '2025-04-29', '2025-05-02', 'Shipped'),
(37, 37, '2025-02-16', '2025-02-20', 'Pending'),
(38, 38, '2025-06-18', '2025-06-22', 'Shipped'),
(39, 39, '2025-06-05', '2025-06-15', 'Delivered'),
(40, 40, '2025-03-26', '2025-04-02', 'Shipped'),
(41, 41, '2025-02-08', '2025-02-18', 'Shipped'),
(42, 42, '2025-04-29', '2025-05-08', 'Delivered'),
(43, 43, '2025-03-03', '2025-03-11', 'Pending'),
(44, 44, '2025-05-31', '2025-06-03', 'Delivered'),
(45, 45, '2025-05-12', '2025-05-22', 'Delivered'),
(46, 46, '2025-03-10', '2025-03-15', 'Shipped'),
(47, 47, '2025-02-03', '2025-02-12', 'Pending'),
(48, 48, '2025-06-25', '2025-07-03', 'Shipped'),
(49, 49, '2025-02-27', '2025-03-08', 'Shipped'),
(50, 50, '2025-03-24', '2025-04-01', 'Delivered');